Card ID,URL
PS-0001,https://arché-paris.com/app/?card=PS-0001
PS-0002,https://arché-paris.com/app/?card=PS-0002
PS-0003,https://arché-paris.com/app/?card=PS-0003
PS-0004,https://arché-paris.com/app/?card=PS-0004
PS-0005,https://arché-paris.com/app/?card=PS-0005
PS-0006,https://arché-paris.com/app/?card=PS-0006
PS-0007,https://arché-paris.com/app/?card=PS-0007
PS-0008,https://arché-paris.com/app/?card=PS-0008
PS-0009,https://arché-paris.com/app/?card=PS-0009
PS-0010,https://arché-paris.com/app/?card=PS-0010
PS-0011,https://arché-paris.com/app/?card=PS-0011
PS-0012,https://arché-paris.com/app/?card=PS-0012
PS-0013,https://arché-paris.com/app/?card=PS-0013
PS-0014,https://arché-paris.com/app/?card=PS-0014
PS-0015,https://arché-paris.com/app/?card=PS-0015
PS-0016,https://arché-paris.com/app/?card=PS-0016
PS-0017,https://arché-paris.com/app/?card=PS-0017
PS-0018,https://arché-paris.com/app/?card=PS-0018
PS-0019,https://arché-paris.com/app/?card=PS-0019
PS-0020,https://arché-paris.com/app/?card=PS-0020
PS-0021,https://arché-paris.com/app/?card=PS-0021
PS-0022,https://arché-paris.com/app/?card=PS-0022
PS-0023,https://arché-paris.com/app/?card=PS-0023
PS-0024,https://arché-paris.com/app/?card=PS-0024
PS-0025,https://arché-paris.com/app/?card=PS-0025
PS-0026,https://arché-paris.com/app/?card=PS-0026
PS-0027,https://arché-paris.com/app/?card=PS-0027
PS-0028,https://arché-paris.com/app/?card=PS-0028
PS-0029,https://arché-paris.com/app/?card=PS-0029
PS-0030,https://arché-paris.com/app/?card=PS-0030
PS-0031,https://arché-paris.com/app/?card=PS-0031
PS-0032,https://arché-paris.com/app/?card=PS-0032
PS-0033,https://arché-paris.com/app/?card=PS-0033
PS-0034,https://arché-paris.com/app/?card=PS-0034
PS-0035,https://arché-paris.com/app/?card=PS-0035
PS-0036,https://arché-paris.com/app/?card=PS-0036
PS-0037,https://arché-paris.com/app/?card=PS-0037
PS-0038,https://arché-paris.com/app/?card=PS-0038
PS-0039,https://arché-paris.com/app/?card=PS-0039
PS-0040,https://arché-paris.com/app/?card=PS-0040
PS-0041,https://arché-paris.com/app/?card=PS-0041
PS-0042,https://arché-paris.com/app/?card=PS-0042
PS-0043,https://arché-paris.com/app/?card=PS-0043
PS-0044,https://arché-paris.com/app/?card=PS-0044
PS-0045,https://arché-paris.com/app/?card=PS-0045
PS-0046,https://arché-paris.com/app/?card=PS-0046
PS-0047,https://arché-paris.com/app/?card=PS-0047
PS-0048,https://arché-paris.com/app/?card=PS-0048
PS-0049,https://arché-paris.com/app/?card=PS-0049
PS-0050,https://arché-paris.com/app/?card=PS-0050
PS-0051,https://arché-paris.com/app/?card=PS-0051
PS-0052,https://arché-paris.com/app/?card=PS-0052
PS-0053,https://arché-paris.com/app/?card=PS-0053
PS-0054,https://arché-paris.com/app/?card=PS-0054
PS-0055,https://arché-paris.com/app/?card=PS-0055
PS-0056,https://arché-paris.com/app/?card=PS-0056
PS-0057,https://arché-paris.com/app/?card=PS-0057
PS-0058,https://arché-paris.com/app/?card=PS-0058
PS-0059,https://arché-paris.com/app/?card=PS-0059
PS-0060,https://arché-paris.com/app/?card=PS-0060
PS-0061,https://arché-paris.com/app/?card=PS-0061
PS-0062,https://arché-paris.com/app/?card=PS-0062
PS-0063,https://arché-paris.com/app/?card=PS-0063
PS-0064,https://arché-paris.com/app/?card=PS-0064
PS-0065,https://arché-paris.com/app/?card=PS-0065
PS-0066,https://arché-paris.com/app/?card=PS-0066
PS-0067,https://arché-paris.com/app/?card=PS-0067
PS-0068,https://arché-paris.com/app/?card=PS-0068
PS-0069,https://arché-paris.com/app/?card=PS-0069
PS-0070,https://arché-paris.com/app/?card=PS-0070
PS-0071,https://arché-paris.com/app/?card=PS-0071
PS-0072,https://arché-paris.com/app/?card=PS-0072
PS-0073,https://arché-paris.com/app/?card=PS-0073
PS-0074,https://arché-paris.com/app/?card=PS-0074
PS-0075,https://arché-paris.com/app/?card=PS-0075
PS-0076,https://arché-paris.com/app/?card=PS-0076
PS-0077,https://arché-paris.com/app/?card=PS-0077
PS-0078,https://arché-paris.com/app/?card=PS-0078
PS-0079,https://arché-paris.com/app/?card=PS-0079
PS-0080,https://arché-paris.com/app/?card=PS-0080
PS-0081,https://arché-paris.com/app/?card=PS-0081
PS-0082,https://arché-paris.com/app/?card=PS-0082
PS-0083,https://arché-paris.com/app/?card=PS-0083
PS-0084,https://arché-paris.com/app/?card=PS-0084
PS-0085,https://arché-paris.com/app/?card=PS-0085
PS-0086,https://arché-paris.com/app/?card=PS-0086
PS-0087,https://arché-paris.com/app/?card=PS-0087
PS-0088,https://arché-paris.com/app/?card=PS-0088
PS-0089,https://arché-paris.com/app/?card=PS-0089
PS-0090,https://arché-paris.com/app/?card=PS-0090
PS-0091,https://arché-paris.com/app/?card=PS-0091
PS-0092,https://arché-paris.com/app/?card=PS-0092
PS-0093,https://arché-paris.com/app/?card=PS-0093
PS-0094,https://arché-paris.com/app/?card=PS-0094
PS-0095,https://arché-paris.com/app/?card=PS-0095
PS-0096,https://arché-paris.com/app/?card=PS-0096
PS-0097,https://arché-paris.com/app/?card=PS-0097
PS-0098,https://arché-paris.com/app/?card=PS-0098
PS-0099,https://arché-paris.com/app/?card=PS-0099
PS-0100,https://arché-paris.com/app/?card=PS-0100